No.	Kategori	Subkategori	Nama	Link	Coordinate	Code	Initials	Old Image	New Image (1600x900)	Google Maps	City	Calculated Code	Differentiator	Recommendation
1	Paroki	Dekanat Bandung Barat	Paroki Santo Laurentius (Sukajadi)	https://keuskupanbandung.org/paroki/santo-laurentius/	-6.87581634425189, 107.59604332530286	P-DBB-PSLS	P	Link	P-DBB-PSLS.jpg	Saint Laurent Catholic Church, Sukajadi	Kota Bandung	P-DBB-PSLS		
2	Paroki	Dekanat Bandung Barat	Paroki Bunda Tujuh Kedukaan (Pandu)	https://keuskupanbandung.org/paroki/bunda-tujuh-kedukaan/	-6.905282652297948, 107.5934154	P-DBB-PBTKP	P	Link	P-DBB-PBTKP.jpg	Our Lady of the Seven Sorrows Catholic Church, Pandu	Kota Bandung	P-DBB-PBTKP		
3	Paroki	Dekanat Bandung Barat	Paroki Santo Theodorus (Sukawarna)	https://keuskupanbandung.org/paroki/santo-theodorus/	-6.889413592905554, 107.57650904417876	P-DBB-PSTS	P	Link	P-DBB-PSTS.jpg	St. Theodore Catholic Church	Kota Bandung	P-DBB-PSTS		
4	Paroki	Dekanat Bandung Barat	Paroki Santo Ignatius (Cimahi)	https://keuskupanbandung.org/paroki/santo-ignatius/	-6.890384801469115, 107.53643775767151	P-DBB-PSIC	P	Link	P-DBB-PSIC.jpg	Saint Ignatius Parish Church, Cimahi	Kota Cimahi	P-DBB-PSIC		
5	Paroki	Dekanat Bandung Barat	Paroki Santa Maria Fatima (Lembang)	https://keuskupanbandung.org/paroki/santa-maria/	-6.812603217981831, 107.6146697576715	P-DBB-PSMFL	P	Link	P-DBB-PSMFL.jpg	Our Lady of Fatima Catholic Church, Lembang	Kab. Bandung	P-DBB-PSMFL		
6	Paroki	Dekanat Bandung Selatan	Paroki Santo Martinus (Margahayu)	https://keuskupanbandung.org/paroki/santo-martinus/	-6.964355832019917, 107.58347330000001	P-DBS-PSMMa	P	Link	P-DBS-PSMMa.jpg	Pastoran St. Martinus Bandung	Kabupaten Bandung	P-DBS-PSMM	a	
7	Paroki	Dekanat Bandung Selatan	Paroki Santo Fransiskus Xaverius (Dayeuhkolot)	https://keuskupanbandung.org/paroki/santo-fransiskus-xaverius/	-6.984136686745486, 107.62978465829775	P-DBS-PSFXD	P	Link	P-DBS-PSFXD.jpg	St. Francis Xavier Catholic Church, Dayeuhkolot	Kabupaten Bandung	P-DBS-PSFXD		
8	Paroki	Dekanat Bandung Selatan	Paroki Hati Tak Bernoda Santa Perawan Maria (Buah Batu)	https://keuskupanbandung.org/paroki/hati-tak-bernoda-santa-perawan-maria/	-6.940598670651785, 107.62591972883574	P-DBS-PHTBSPMBB	P	Link	P-DBS-PHTBSPMBB.jpg	Gereja Katolik Hati Tak Bernoda Santa Perawan Maria, Bandung	Kota Bandung	P-DBS-PHTBSPMBB		
9	Paroki	Dekanat Bandung Selatan	Paroki Santo Paulus (Mohammad Toha)	https://keuskupanbandung.org/paroki/santo-paulus/	-6.929158566286418, 107.60704944232849	P-DBS-PSPMT	P	Link	P-DBS-PSPMT.jpg	Gereja Katolik Santo Paulus	Kota Bandung	P-DBS-PSPMT		
10	Paroki	Dekanat Bandung Selatan	Paroki Santo Michael (Waringin)	https://keuskupanbandung.org/paroki/santo-michael/	-6.916861258168049, 107.59134891534299	P-DBS-PSMW	P	Link	P-DBS-PSMW.jpg	Gereja Katolik Santo Michael	Kota Bandung	P-DBS-PSMW		
11	Paroki	Dekanat Bandung Selatan	Paroki Santo Gabriel (Sumber Sari)	https://keuskupanbandung.org/paroki/santo-gabriel/	-6.937284621686103, 107.5721973018503	P-DBS-PSGSS	P	Link	P-DBS-PSGSS.jpg	Catholic Church St. Gabriel	Kota Bandung	P-DBS-PSGSS		
12	Paroki	Dekanat Bandung Timur	Paroki Santo Petrus (Katedral)	https://keuskupanbandung.org/paroki/santo-petrus-katedral/	-6.914638609428038, 107.61055195582124	P-DBT-PSPK	P	Link	P-DBT-PSPK.jpg	Saint Peter Cathedral Bandung	Kota Bandung	P-DBT-PSPK		
13	Paroki	Dekanat Bandung Timur	Paroki Santa Odilia (Cicadas)	https://keuskupanbandung.org/paroki/santa-odilia/	-6.90721587913784, 107.64269130678662	P-DBT-PSOC	P	Link	P-DBT-PSOC.jpg	Gereja Katolik Santa Odilia, Cicadas	Kota Bandung	P-DBT-PSOC		
14	Paroki	Dekanat Bandung Timur	Paroki Santa Melania (Melania)	https://keuskupanbandung.org/paroki/santa-melania/	-6.9003039704560925, 107.6238069263855	P-DBT-PSMMe	P	Link	P-DBT-PSMMe.jpg	Gereja Katolik St. Melania, Cihaur Geulis	Kota Bandung	P-DBT-PSMM	e	
15	Paroki	Dekanat Bandung Timur	Paroki Salib Suci (Kamuning)	https://keuskupanbandung.org/paroki/salib-suci/	-6.915981966921765, 107.62843059164439	P-DBT-PSSK	P	Link	P-DBT-PSSK.jpg	Gereja Katolik Paroki Salib Suci, Kamuning	Kota Bandung	P-DBT-PSSK		
16	Paroki	Dekanat Pantura	Paroki Santa Maria (Kabupaten Purwakarta)	https://keuskupanbandung.org/paroki/santa-maria-bukit-indah/	-6.443812048413936, 107.46784397116465	P-DP-PSMKP	P	Link	P-DP-PSMKP.jpg	Gereja Katolik Santa Maria, Kota Bukit Indah	Kabupaten Purwakarta	P-DP-PSMKP		
17	Paroki	Dekanat Pantura	Paroki Salib Suci (Kabupaten Purwakarta)	https://keuskupanbandung.org/paroki/salib-suci-purwakarta/	-6.54819670871724, 107.4431096466265	P-DP-PSSKP	P	Link	P-DP-PSSKP.jpg	Gereja Katolik Salib Suci, Nagri Tengah	Kabupaten Purwakarta	P-DP-PSSKP		
18	Paroki	Dekanat Pantura	Paroki Kristus Sang Penabur (Subang)	https://keuskupanbandung.org/paroki/kristus-sang-penabur/	-6.576754864504748, 107.76489389999999	P-DP-PKSPS	P	Link	P-DP-PKSPS.jpg	Gereja Katolik Kristus Sang Penabur	Kabupaten Subang	P-DP-PKSPS		
19	Paroki	Dekanat Pantura	Paroki Bunda Pembantu Abadi (Pamanukan)	https://keuskupanbandung.org/paroki/bunda-pembantu-abadi/	-6.282843133164913, 107.81942488656925	P-DP-PBPAP	P	Link	P-DP-PBPAP.jpg	Gereja Katolik Bunda Pembantu Abadi, Pamanukan	Kabupaten Subang	P-DP-PBPAP		
20	Paroki	Dekanat Pantura	Paroki Santo Marinus (Resinda)	https://keuskupanbandung.org/paroki/santo-marinus/	-6.291748119462824, 107.26949821534132	P-DP-PSMR	P	Link	P-DP-PSMR.jpg	Catholic Church of St Marinus	Kabupaten Karawang	P-DP-PSMR		
21	Paroki	Dekanat Pantura	Paroki Kristus Raja (Karawang)	https://keuskupanbandung.org/paroki/kristus-raja-karawang/	-6.318527590674885, 107.30706233011995	P-DP-PKRK	P	Link	P-DP-PKRK.jpg	Christ the King Catholic Church, Karawang	Kabupaten Karawang	P-DP-PKRK		
22	Paroki	Dekanat Priangan	Paroki Santo Yohanes (Ciamis)	https://keuskupanbandung.org/paroki/santo-yohanes/	-7.3247197857783215, 108.3545924461831	P-DP-PSYC	P	Link	P-DP-PSYC.jpg	Gereja Katolik Santo Yohanes Ciamis	Kabupaten Ciamis	P-DP-PSYC		
23	Paroki	Dekanat Priangan	Paroki Santo Mikael (Indramayu)	https://keuskupanbandung.org/paroki/santo-mikael/	-6.331151260447719, 108.32743386143916	P-DP-PSMI	P	Link	P-DP-PSMI.jpg	Saint Michael Catholic Church, Indramayu	Kabupaten Indramayu	P-DP-PSMI		
24	Paroki	Dekanat Priangan	Paroki Bunda Maria (Garut)	https://keuskupanbandung.org/paroki/bunda-maria-garut/	-7.213899119436489, 107.90376090698574	P-DP-PBMG	P	Link	P-DP-PBMG.jpg	Saint Mary Catholic Church, Garut	Kabupaten Garut	P-DP-PBMG		
25	Paroki	Dekanat Priangan	Paroki Maria Putri Murni Sejati (Cisantana)	https://keuskupanbandung.org/paroki/maria-putri-murni-sejati/	-6.959470329199894, 108.45279505341328	P-DP-PMPMSC	P	Link	P-DP-PMPMSC.jpg	Gereja Katolik Maria Putri Murni Sejati, Cisantana	Kabupaten Kuningan	P-DP-PMPMSC		
26	Paroki	Dekanat Priangan	Paroki Kristus Raja (Cigugur)	https://keuskupanbandung.org/paroki/kristus-raja-cigugur/	-6.968519582783169, 108.45586087301199	P-DP-PKRC	P	Link	P-DP-PKRC.jpg	Parish Church of Christ the King	Kabupaten Kuningan	P-DP-PKRC		
27	Paroki	Dekanat Priangan	Paroki Santa Theresia (Ciledug)	https://keuskupanbandung.org/paroki/santa-theresia/	-6.906686438654624, 108.73917046608868	P-DP-PSTC	P	Link	P-DP-PSTC.jpg	Saint Teresa Catholic Church, Babakan	Kabupaten Cirebon	P-DP-PSTC		
28	Paroki	Dekanat Priangan	Paroki Hati Kudus Yesus  (Tasikmalaya)	https://keuskupanbandung.org/paroki/hati-kudus-yesus/	-7.327609655156226, 108.22756391534132	P-DP-PHKYT	P	Link	P-DP-PHKYT.jpg	Sacred Heart of Jesus Catholic Church, Tasikmalaya	Kota Tasikmalaya	P-DP-PHKYT		
29	Paroki	Dekanat Priangan	Paroki Bunda Maria (Dukuh Semar)	https://keuskupanbandung.org/paroki/bunda-maria-dukuh-semar/	-6.737711277906151, 108.56031428650599	P-DP-PBMDS	P	Link	P-DP-PBMDS.jpg	Gereja Katolik Bunda Maria Cirebon	Kota Cirebon	P-DP-PBMDS		
30	Paroki	Dekanat Priangan	Paroki Santo Yusuf (Yos Sudarso)	https://keuskupanbandung.org/paroki/santo-yusuf/	-6.721609266457256, 108.57247122273061	P-DP-PSYYS	P	Link	P-DP-PSYYS.jpg	Saint Joseph Catholic Church, Cirebon	Kota Cirebon	P-DP-PSYYS		
31	Karya	Rumah Retret, Pelatihan, & Asrama	Wisma Bumi Silih Asih	https://keuskupanbandung.org/karya/bumi-silih-asih/	-6.933195867974227, 107.61415884602398	K-RRPA-WBSA	RT	Link	K-RRPA-WBSA.jpg	Bumi Silih Asih	Kota Bandung	K-RRPA-WBSA		
32	Karya	Rumah Retret, Pelatihan, & Asrama	Wisma Bumi Silih Asah St. Thomas Aquinas	https://keuskupanbandung.org/karya/bumi-silih-asah/	-6.890058544594564, 107.58444444417664	K-RRPA-WBSASTA	RT	Link	K-RRPA-WBSASTA.jpg	Bumi Silih Asah St. Thomas Aquinas	Kota Bandung	K-RRPA-WBSASTA		
33	Karya	Rumah Retret, Pelatihan, & Asrama	Villa Deo Gratias	https://keuskupanbandung.org/karya/rumah-retret-pelatihan-asrama/	-6.7920896237060235, 107.58208325767067	K-RRPA-VDG	RT	-	K-RRPA-VDG.jpg	Villa Deo Gratias	Kabupaten Bandung Barat	K-RRPA-VDG		
34	Karya	Rumah Retret, Pelatihan, & Asrama	Pondok Tempayan	https://keuskupanbandung.org/karya/rumah-retret-pelatihan-asrama/	-7.175607450320572, 107.87977572883531	K-RRPA-PT	RT	-	K-RRPA-PT.jpg	Pondok Tempayan	Kabupaten Garut	K-RRPA-PT		
35	Karya	Rumah Retret, Pelatihan, & Asrama	Wisma Bintang Timur	https://keuskupanbandung.org/karya/rumah-retret-pelatihan-asrama/	-7.666197955763043, 108.66661268148624	K-RRPA-WBT	RT	-	K-RRPA-WBT.jpg	Bintang Timur	Kabupaten Pangandaran	K-RRPA-WBT		
36	Karya	Rumah Retret, Pelatihan, & Asrama	Wisma Santo Blasius	https://keuskupanbandung.org/karya/rumah-retret-pelatihan-asrama/	-6.915273554239706, 107.6201336153413	K-RRPA-WSB	RT	-	K-RRPA-WSB.jpg	Wisma Gudang Utara St. Blasius	Kota Bandung	K-RRPA-WSB		
37	Karya	Rumah Retret, Pelatihan, & Asrama	Wisma Aloysius (Gambung)	https://keuskupanbandung.org/karya/rumah-retret-pelatihan-asrama/	-7.132389060841805, 107.51297921534132	K-RRPA-WAG	RT	-	K-RRPA-WAG.jpg	Wisma Aloysius	Kabupaten Bandung	K-RRPA-WAG		
38	Karya	Rumah Retret, Pelatihan, & Asrama	Wisma Pratista (Rumah Retret Pratista)	https://keuskupanbandung.org/karya/rumah-retret-pelatihan-asrama/	-6.8267180348540775, 107.555748773012	K-RRPA-WPRRP	RT	-	K-RRPA-WPRRP.jpg	Wisma Retreat Pratista	Kabupaten Bandung Barat	K-RRPA-WPRRP		
39	Karya	Rumah Retret, Pelatihan, & Asrama	Institut Liturgi Sang Kristus Indonesia (ILSKI)	https://keuskupanbandung.org/karya/rumah-retret-pelatihan-asrama/	-6.82683068765501, 107.55575452883535	K-RRPA-ILSKII	RT	-	K-RRPA-ILSKII.jpg	Jl. Kolonel Masturi No.591	Kabupaten Bandung Barat	K-RRPA-ILSKII		
40	Karya	Seminari & Lembaga Hidup Bakti	Seminari Menengah Cadas Hikmat	https://keuskupanbandung.org/karya/lembaga-hidup-bakti/	-6.941193020340014, 107.62625513397374	K-SLHB-SMCH	SM	-	K-SLHB-SMCH.jpg	Seminari Menengah Cadas Hikmat	Kota Bandung	K-SLHB-SMCH		
41	Karya	Seminari & Lembaga Hidup Bakti	Seminari Tinggi Fermentum (Keuskupan Bandung)	https://keuskupanbandung.org/karya/lembaga-hidup-bakti/	-6.900007400751879, 107.58839504417665	K-SLHB-STFKB	SM	Link	K-SLHB-STFKB.jpg	Fermentum Major Seminary	Kota Bandung	K-SLHB-STFKB		
42	Karya	Seminari & Lembaga Hidup Bakti	Seminari Tinggi Santo Petrus-Paulus (Keuskupan Bogor)	https://keuskupanbandung.org/karya/lembaga-hidup-bakti/	-6.940938418204399, 107.62558339124078	K-SLHB-STSPPKB	SM	-	no-image.jpg	Seminari Tinggi St. Petrus-Paulus Keuskupan Bogor	Kota Bandung	K-SLHB-STSPPKB		Use default photo, as there is no public signage.
43	Karya	Seminari & Lembaga Hidup Bakti	Asosiasi Lembaga Misionaris Awam (ALMA)	https://keuskupanbandung.org/karya/lembaga-hidup-bakti/	-6.961443479286556, 107.55965546055815	K-SLHB-ALMAA	SM	-	K-SLHB-ALMAA.jpg	Panti Asuhan Bhakti Luhur Alma Bandung	Kabupaten Bandung	K-SLHB-ALMAA		
44	Karya	Seminari & Lembaga Hidup Bakti	Biara Suster-Suster SS.CC	https://keuskupanbandung.org/karya/lembaga-hidup-bakti/	-6.931507655979205, 107.57378362071418	K-SLHB-BSSS	SM	-	K-SLHB-BSSS.jpg	PAUD Hati Kudus	Kota Bandung	K-SLHB-BSSS		
45	Karya	Seminari & Lembaga Hidup Bakti	Seminari Tinggi Damian	https://keuskupanbandung.org/karya/lembaga-hidup-bakti/	-6.928432365013034, 107.5686973	K-SLHB-STD	SM	-	K-SLHB-STD.jpg	Seminari Damian	Kota Bandung	K-SLHB-STD		
46	Karya	Seminari & Lembaga Hidup Bakti	Biara Maria Bintang Laut	https://keuskupanbandung.org/karya/lembaga-hidup-bakti/	-6.916884569039727, 107.59230524875233	K-SLHB-BMBL	SM	-	no-image.jpg	Yayasan Penyelenggaraan Ilahi Indonesia	Kota Bandung	K-SLHB-BMBL		
47	Karya	Seminari & Lembaga Hidup Bakti	Novisiat RSCJ	https://keuskupanbandung.org/karya/lembaga-hidup-bakti/	-6.906957258962104, 107.61894300513839	K-SLHB-NR	SM	-	K-SLHB-NR.jpg	Novisiat RSCJ	Kota Bandung	K-SLHB-NR		
48	Karya	Seminari & Lembaga Hidup Bakti	Postulan RSCJ	https://keuskupanbandung.org/karya/lembaga-hidup-bakti/		K-SLHB-PR	SM	-	no-image.jpg		Kota Bandung	K-SLHB-PR		
49	Karya	Seminari & Lembaga Hidup Bakti	Luigi Chmel Formation House	https://keuskupanbandung.org/karya/lembaga-hidup-bakti/	-6.814089877734439, 107.55971984787132	K-SLHB-LCFH	SM	-	K-SLHB-LCFH.jpg	OAD BANDUNG	Kabupaten Bandung Barat	K-SLHB-LCFH		
50	Karya	Seminari & Lembaga Hidup Bakti	Biara Karmel / Lembang	https://keuskupanbandung.org/karya/lembaga-hidup-bakti/	-6.812390270979054, 107.61466717959414	K-SLHB-BKL	SM	-	no-image.jpg	Carmelite Monastery Religious Tourism Lembang	Kabupaten Bandung Barat	K-SLHB-BKL		
51	Karya	Seminari & Lembaga Hidup Bakti	Biara Santo Agustinus / Bandung (Provinsialat)	https://keuskupanbandung.org/karya/lembaga-hidup-bakti/	-6.913519127781774, 107.61253780503904	K-SLHB-BSABPn	SM	-	K-SLHB-BSABPn.jpg	Fakultas Filsafat, Universitas Katolik Parahyangan	Kota Bandung	K-SLHB-BSABP	n	
52	Karya	Seminari & Lembaga Hidup Bakti	Biara Tujuh Kedukaan Santa Perawan Maria / Bandung	https://keuskupanbandung.org/karya/lembaga-hidup-bakti/	-6.9053000322369, 107.59348133027908	K-SLHB-BTKSPMB	SM	-	no-image.jpg	Our Lady of the Seven Sorrows Catholic Church, Pandu	Kota Bandung	K-SLHB-BTKSPMB		
53	Karya	Seminari & Lembaga Hidup Bakti	Biara Pratista Kumara Warabrata/ Bandung	https://keuskupanbandung.org/karya/lembaga-hidup-bakti/	-6.905159199209306, 107.61148398465868	K-SLHB-BPKWB	SM	-	K-SLHB-BPKWB.jpg	Biara Pratista Kumara Wara Bharata	Kota Bandung	K-SLHB-BPKWB		
54	Karya	Seminari & Lembaga Hidup Bakti	Novisiat OSC / Bandung Barat	https://keuskupanbandung.org/karya/lembaga-hidup-bakti/	-6.826643465455441, 107.55569512883532	K-SLHB-NOBB	SM	-	no-image.jpg	Wisma Retreat Pratista	Kabupaten Bandung	K-SLHB-NOBB		
55	Karya	Seminari & Lembaga Hidup Bakti	Priorat Pratista / Bandung Barat	https://keuskupanbandung.org/karya/lembaga-hidup-bakti/	-6.826696729312788, 107.55570585767067	K-SLHB-PPBB	SM	-	no-image.jpg	Wisma Retreat Pratista	Kabupaten Bandung	K-SLHB-PPBB		
56	Karya	Seminari & Lembaga Hidup Bakti	Provinsialat, Novisiat, dan Postulat Ursulin / Bandung	https://keuskupanbandung.org/karya/lembaga-hidup-bakti/	-6.911119966025192, 107.63284397678049	K-SLHB-PNdPUB	SM	-	K-SLHB-PNdPUB.jpg	Biara Ursulin	Kota Bandung	K-SLHB-PNdPUB		
57	Karya	Seminari & Lembaga Hidup Bakti	Biara Ursulin "Griya Providentia"	https://keuskupanbandung.org/karya/lembaga-hidup-bakti/	-6.90978038742559, 107.63180908369236	K-SLHB-BUGP	SM	-	K-SLHB-BUGP.jpg	Asrama Putri Providentia	Kota Bandung	K-SLHB-BUGP		
58	Karya	Seminari & Lembaga Hidup Bakti	Biara Santa Angela / Bandung	https://keuskupanbandung.org/karya/lembaga-hidup-bakti/	-6.912555640688127, 107.61090794745974	K-SLHB-BSABm	SM	-	K-SLHB-BSABm.jpg	Santa Angela Bandung	Kota Bandung	K-SLHB-BSAB	m	
59	Karya	Seminari & Lembaga Hidup Bakti	Biara Ursulin / Cisantana-Kuningan	https://keuskupanbandung.org/karya/lembaga-hidup-bakti/	-6.959033980467599, 108.452641486506	K-SLHB-BUCK	SM	-	no-image.jpg	Josaphat Sudarso Catholic School, Cisantana	Kabupaten Kuningan	K-SLHB-BUCK		Use default photo, as it is not a public place.
60	Karya	Seminari & Lembaga Hidup Bakti	Biara Ursuline Sisters of Somasca/ Garut	https://keuskupanbandung.org/karya/lembaga-hidup-bakti/		K-SLHB-BUSoSG	SM	-	no-image.jpg			K-SLHB-BUSoSG		
61	Karya	Seminari & Lembaga Hidup Bakti	Biara Ursuline Sisters of Somasca/ Lembang	https://keuskupanbandung.org/karya/lembaga-hidup-bakti/		K-SLHB-BUSoSL	SM	-	no-image.jpg			K-SLHB-BUSoSL		
62	Karya	Seminari & Lembaga Hidup Bakti	Kongregasi Suster-Suster Puteri Bunda Hati Kudus (PBHK)	https://keuskupanbandung.org/karya/lembaga-hidup-bakti/		K-SLHB-KSSPBHKP	SM	-	no-image.jpg			K-SLHB-KSSPBHKP		
63	Karya	Seminari & Lembaga Hidup Bakti	Provinsialat SMM	https://keuskupanbandung.org/karya/lembaga-hidup-bakti/	-6.871989183719495, 107.60830247301199	K-SLHB-PS	SM	-	K-SLHB-PS.jpg	Provinsialat SMM Indonesia	Kota Bandung	K-SLHB-PS		
64	Karya	Seminari & Lembaga Hidup Bakti	Biara Suster-Suster Cinta Kasih Santo Borromeus / Bandung	https://keuskupanbandung.org/karya/lembaga-hidup-bakti/	-6.893972467162363, 107.61512039154377	K-SLHB-BSSCKSBB	SM	-	K-SLHB-BSSCKSBB.jpg	Susteran CB Borromeus Bandung	Kota Bandung	K-SLHB-BSSCKSBB		
65	Karya	Seminari & Lembaga Hidup Bakti	Biara Santo Yusuf / Bandung	https://keuskupanbandung.org/karya/lembaga-hidup-bakti/	-6.906506303896699, 107.64320648650599	K-SLHB-BSYB	SM	-	no-image.jpg	Rumah Sakit Santo Yusup	Kota Bandung	K-SLHB-BSYB		Google Map link saat ini ke Jl. Cikutra Dalam No. 7, disarankan diperbaiki ke Jl. Cikutra No. 7.
66	Karya	Seminari & Lembaga Hidup Bakti	Biara Nir Awarana / Cigugur-Kuningan	https://keuskupanbandung.org/karya/lembaga-hidup-bakti/	-6.968398533152616, 108.45528554417666	K-SLHB-BNACK	SM	-	no-image.jpg	Rumah Sakit Sekar Kamulyan	Kabupaten Kuningan	K-SLHB-BNACK		
67	Karya	Seminari & Lembaga Hidup Bakti	Biara Santa Maria / Cimahi	https://keuskupanbandung.org/karya/lembaga-hidup-bakti/	-6.896393941367869, 107.53677497405215	K-SLHB-BSMCm	SM	-	no-image.jpg	St Dominic Foundation	Kota Cimahi	K-SLHB-BSMC	m	
68	Karya	Seminari & Lembaga Hidup Bakti	Biara Santa Maria / Cirebon 	https://keuskupanbandung.org/karya/lembaga-hidup-bakti/	-6.713662725011489, 108.56677773357013	K-SLHB-BSMCr	SM	-	no-image.jpg	SMA SANTA MARIA 1 CIREBON	Kota Cirebon	K-SLHB-BSMC	r	
69	Karya	Seminari & Lembaga Hidup Bakti	Biara Santo Dominikus / Cirebon	https://keuskupanbandung.org/karya/lembaga-hidup-bakti/	-6.727667983295425, 108.56688873068266	K-SLHB-BSDC	SM	-	no-image.jpg	Biara Santo Dominikus	Kota Bandung	K-SLHB-BSDC		Use default photo, as there is no public signage.
70	Karya	Karya Pendidikan	Yayasan Dharma Ibu	https://keuskupanbandung.org/karya/karya-pendidikan/	-7.010671357473091, 107.63300168650602	K-KP-YDI	PD	-	K-KP-YDI.jpg	Jl. Raya Laswi No.56b	Kabupaten Bandung	K-KP-YDI		
71	Karya	Karya Pendidikan	Yayasan Mardiwijana	https://keuskupanbandung.org/karya/karya-pendidikan/	-6.906047145069916, 107.6126310649697	K-KP-YMsa	PD	-	K-KP-YMsa.jpg	Yayasan Mardiwidjana	Kota Bandung	K-KP-YM	sa	
72	Karya	Karya Pendidikan	Yayasan Melania	https://keuskupanbandung.org/karya/karya-pendidikan/	-6.8998966473161945, 107.62367224746772	K-KP-YMm	PD	-	K-KP-YM.jpg	TPA Melania	Kota Bandung	K-KP-YM	m	
73	Karya	Karya Pendidikan	Yayasan Penyelenggaraan Ilahi Indonesia	https://keuskupanbandung.org/karya/karya-pendidikan/	-6.916839858157197, 107.592324086506	K-KP-YPII	PD	-	K-KP-YPII.jpg	Yayasan Penyelenggaraan Ilahi Indonesia	Kota Bandung	K-KP-YPII		
74	Karya	Karya Pendidikan	Yayasan Salib Suci	https://keuskupanbandung.org/karya/karya-pendidikan/	-6.916842107412645, 107.61613182883532	K-KP-YSS	PD	-	K-KP-YSS.jpg	Yayasan Salib Suci	Kota Bandung	K-KP-YSS		
75	Karya	Karya Pendidikan	Yayasan Santo Dominikus - Cabang Cimahi	https://keuskupanbandung.org/karya/karya-pendidikan/	-6.896395074394202, 107.53681747172739	K-KP-YSDCCb	PD	-	K-KP-YSDCCb.jpg	St Dominic Foundation	Kota Cimahi	K-KP-YSDCC	b	
76	Karya	Karya Pendidikan	Yayasan Santo Dominikus - Cabang Cirebon	https://keuskupanbandung.org/karya/karya-pendidikan/	-6.713588138143224, 108.56673481822884	K-KP-YSDCCs	PD	-	K-KP-YSD-CCs.jpg	SMA SANTA MARIA 1 CIREBON	Kota Cirebon	K-KP-YSDCC	s	
77	Karya	Karya Pendidikan	Yayasan Satya Winaya	https://keuskupanbandung.org/karya/karya-pendidikan/	-6.891790602021848, 107.58486562883533	K-KP-YSW	PD	-	K-KP-YSW.jpg	Yayasan Satya Winaya	Kota Bandung	K-KP-YSW		
78	Karya	Karya Pendidikan	Yayasan Universitas Katolik Parayangan	https://keuskupanbandung.org/karya/karya-pendidikan/	-6.875112733680828, 107.60489105767067	K-KP-YUKP	PD	-	K-KP-YUKP.jpg	Universitas Katolik Parahyangan	Kota Bandung	K-KP-YUKP		
79	Karya	Karya Pendidikan	Yayasan Pendidikan Kesehatan Santo Borromeus	https://keuskupanbandung.org/karya/karya-pendidikan/	-6.864747743326351, 107.47523919999999	K-KP-YPKSB	PD	-	K-KP-YPKSB.jpg	Santo Borromeus University	Kabupaten Bandung Barat	K-KP-YPKSB		
80	Karya	Karya Pendidikan	Yayasan Widya Bakti	https://keuskupanbandung.org/karya/karya-pendidikan/	-6.912475859322524, 107.6109079768658	K-KP-YWB	PD	-	K-KP-YWB.jpg	Santa Angela Bandung	Kota Bandung	K-KP-YWB		
81	Karya	Karya Pendidikan	Yayasan Prasama Bakti	https://keuskupanbandung.org/karya/karya-pendidikan/	-6.91299845954042, 107.63323434192573	K-KP-YPB	PD	-	K-KP-YPB.jpg	SD Santa Ursula Bandung	Kota Bandung	K-KP-YPB		
82	Karya	Karya Sosial	Yayasan Buana Swasti Asih	https://keuskupanbandung.org/karya/karya-sosial/	-6.933174567209748, 107.61407301534133	K-KS-YBSA	SO	-	K-KS-YBSA.jpg	Bumi Silih Asih	Kota Bandung	K-KS-YBSA		
83	Karya	Karya Sosial	Amal Penguburan Katolik Santo Yusup	https://keuskupanbandung.org/karya/karya-sosial/	-6.891609457398372, 107.58484445891548	K-KS-APKSY	SO	-	no-image.jpg	APK Santo Yusup	Kota Bandung	K-KS-APKSY		
84	Karya	Karya Sosial	Rumah Duka	https://keuskupanbandung.org/karya/karya-sosial/	-6.893559535300615, 107.61456546883332	K-KS-RD	SO	-	K-KS-RD.jpg	Rumah Duka RS St Borromeus	Kota Bandung	K-KS-RD		
85	Karya	Karya Sosial	Anak Asuh Melania	https://keuskupanbandung.org/karya/karya-sosial/	-6.900051792292063, 107.62367505281077	K-KS-AAM	SO	-	no-image.jpg	TPA Melania	Kota Bandung	K-KS-AAM		
86	Karya	Karya Sosial	Taman Penitipan Anak Melania	https://keuskupanbandung.org/karya/karya-sosial/	-6.900035815597705, 107.62368041724103	K-KS-TPAM	SO	-	K-KS-TPAM.jpg	TPA Melania	Kota Bandung	K-KS-TPAM		
87	Karya	Karya Sosial	Yayasan Percik Insani Bandung	https://keuskupanbandung.org/karya/karya-sosial/	-6.946353490164424, 107.57846890562614	K-KS-YPIB	SO	-	K-KS-YPIB.jpg	Skill Center Percik Insani	Kota Bandung	K-KS-YPIB		
88	Karya	Karya Sosial	Gria Busana Dewi Sartika	https://keuskupanbandung.org/karya/karya-sosial/	-6.897085939200321, 107.53688761049439	K-KS-GBDS	SO	-	no-image.jpg	Jl. Baros No.109	Kota Cimahi	K-KS-GBDS		
89	Karya	Karya Sosial	Yayasan Buana Mekar	https://keuskupanbandung.org/karya/karya-sosial/	-6.933174567209748, 107.61404082883557	K-KS-YBM	SO	-	K-KS-YBM.jpg	Jl. Raya Laswi No.56	Kota Bandung	K-KS-YBM		
90	Karya	Karya Sosial	Pusat Kegiatan Belajar Masyarakat (PKBM) 	https://keuskupanbandung.org/karya/karya-sosial/	-7.0105315032545965, 107.63187904417788	K-KS-PKBMP	SO	-	K-KS-PKBMP.jpg	PKBM BUANA MEKAR BALEENDAH	Kabupaten Bandung	K-KS-PKBMP		
91	Karya	Karya Sosial	Pusat Kegiatan Belajar Masyarakat (PKBM) Bina Cahya	https://keuskupanbandung.org/karya/karya-sosial/	-6.968234585166593, 108.45448954232884	K-KS-PKBMPBC	SO	-	K-KS-PKBMPBC.jpg	PKBM BINA CAHYA	Kabupaten Kuningan	K-KS-PKBMPBC		
92	Karya	Karya Sosial	Yayasan Buana Walagri	https://keuskupanbandung.org/karya/karya-sosial/	-7.0105315032545965, 107.6318683153423	K-KS-YBW	SO	-	K-KS-YBW.jpg	PKBM BUANA MEKAR BALEENDAH	Kabupaten Bandung	K-KS-YBW		
93	Karya	Karya Sosial	Klinik Pratama Buana Mekar	https://keuskupanbandung.org/karya/karya-sosial/	-7.010499557380832, 107.63184685767116	K-KS-KPBM	SO	-	K-KS-KPBM.jpg	PKBM BUANA MEKAR BALEENDAH	Kabupaten Bandung	K-KS-KPBM		
94	Karya	Karya Sosial	Yayasan Camilus	https://keuskupanbandung.org/karya/karya-sosial/	-6.906538256847999, 107.64320648650671	K-KS-YC	SO	-	K-KS-YC.jpg	Rumah Sakit Santo Yusup	Kabupaten Bandung	K-KS-YC		
95	Karya	Karya Sosial	Panti Asuhan Cahaya Kasih	https://keuskupanbandung.org/karya/karya-sosial/	-6.936110818259612, 107.57175505767117	K-KS-PACK	SO	-	K-KS-PACK.jpg	Panti Asuhan Cahaya Kasih	Kota Bandung	K-KS-PACK		Cahaya Kasih bukan cahaya asih
96	Karya	Karya Sosial	Panti Tresna Wreda Nazareth	https://keuskupanbandung.org/karya/karya-sosial/	-6.906759755531795, 107.64258394527027	K-KS-PTWN	SO	-	K-KS-PTWN.jpg	Panti Sosial Tresna Werdha Nazareth Santo Yusuf	Kota Bandung	K-KS-PTWN		
97	Karya	Karya Sosial	Panti Bhakti Luhur (ALMA)	https://keuskupanbandung.org/karya/karya-sosial/	-6.961432829544245, 107.55966618650672	K-KS-PBLA	SO	-	K-KS-PBLA.jpg	Panti Asuhan Bhakti Luhur Alma Bandung	Kabupaten Bandung	K-KS-PBLA		
98	Karya	Karya Sosial	Panti Tresna Wredha Karitas	https://keuskupanbandung.org/karya/karya-sosial/	-6.896494601462249, 107.52087337116443	K-KS-PTWK	SO	-	K-KS-PTWK.jpg	Panti Wreda Karitas	Kota Cimahi	K-KS-PTWK		
99	Karya	Karya Sosial	Panti Wredha Santana	https://keuskupanbandung.org/karya/karya-sosial/	-6.74486673570725, 108.56498688650674	K-KS-PWS	SO	-	K-KS-PWS.jpg	Panti Wreda Santana	Kota Cirebon	K-KS-PWS		
100	Karya	Karya Sosial	Tempat Pemakaman Bukan Umum - Astana Mawar Asih (TPBU-AMA)	https://keuskupanbandung.org/karya/karya-sosial/	-7.042008261730983, 107.60390598650672	K-KS-TPBUAMATA	SO	-	K-KS-TPBUAMATA.jpg	Astana Mawar Asih Catholic Cemetery	Kabupaten Bandung	K-KS-TPBUAMATA		
101	Karya	Karya Sosial	Serikat Sosial Vincentius (SSV) Dewan Daerah Bandung	https://keuskupanbandung.org/karya/karya-sosial/	-6.937295271975533, 107.57220803068462	K-KS-SSVSDDB	SO	-	K-KS-SSVSDDB.jpg	Catholic Church St. Gabriel	Kota Bandung	K-KS-SSVSDDB		
102	Karya	Karya Sosial	Yayasan Sekar Mawar	https://keuskupanbandung.org/karya/karya-sosial/	-6.894413869920711, 107.61529470494851	K-KS-YSM	SO	-	K-KS-YSM.jpg	Yayasan Sekar Mawar - Secretariat Office	Kota Bandung	K-KS-YSM		
103	Karya	Karya Sosial	Panti Rehabilitasi Napza Yayasan Sekar Mawar	https://keuskupanbandung.org/karya/karya-sosial/	-6.811924446044063, 107.63510894232884	K-KS-PRNYSM	SO	-	K-KS-PRNYSM.jpg	Panti Rehabilitasi Narkoba Sekar Mawar	Kabupaten Bandung Barat	K-KS-PRNYSM		
104	Karya	Karya Kesehatan	Perkumpulan Perhimpunan St. Borromeus (PPSB)	https://keuskupanbandung.org/karya/karya-kesehatan/	-6.893787800275664, 107.61369042883555	K-KK-PPSBP	KH		K-KK-PPSBP.jpg	Saint Borromeus Hospital	Kota Bandung	K-KK-PPSBP		
105	Karya	Karya Kesehatan	Yayasan Bina Kesehatan Nirmala	https://keuskupanbandung.org/karya/karya-kesehatan/	-6.71983122499027, 108.57194581349329	K-KK-YBKN	KH		no-image.jpg	Yayasan Bina Kesehatan Nirmala	Kota Cirebon	K-KK-YBKN		
106	Karya	Karya Kesehatan	Yayasan Kesehatan Gigi Anak Indonesia (YKGI) UKGS	https://keuskupanbandung.org/karya/karya-kesehatan/	-6.900004896280068, 107.62373082883558	K-KK-YKGAIYU	KH		K-KK-YKGAIYU.jpg	Klinik Pratama Melania Bandung	Kota Bandung	K-KK-YKGAIYU		Pindah ke melania
107	Karya	Karya Kesehatan	Rumah Sakit Santo Borromeus	https://keuskupanbandung.org/karya/karya-kesehatan/	-6.893761172099294, 107.61365824233016	K-KK-RSSB	KH		K-KK-RSSB.jpg	Saint Borromeus Hospital	Kota Bandung	K-KK-RSSB		
108	Karya	Karya Kesehatan	Rumah Sakit Santo Yusup	https://keuskupanbandung.org/karya/karya-kesehatan/	-6.906570209797151, 107.64321721534229	K-KK-RSSY	KH		K-KK-RSSY.jpg	Rumah Sakit Santo Yusup	Kota Bandung	K-KK-RSSY		
109	Karya	Karya Kesehatan	Rumah Sakit Sekar Kamulyan	https://keuskupanbandung.org/karya/karya-kesehatan/	-6.968366584398706, 108.45525335767115	K-KK-RSSK	KH		K-KK-RSSK.jpg	Rumah Sakit Sekar Kamulyan	Kabupaten Kuningan	K-KK-RSSK		
110	Karya	Karya Kesehatan	Rumah Sakit Cahya Kawaluyan	https://keuskupanbandung.org/karya/karya-kesehatan/	-6.866153636302798, 107.47379627116442	K-KK-RSCK	KH		K-KK-RSCK.jpg	RS Cahya Kawaluyan	Kabupaten Bandung Barat	K-KK-RSCK		
111	Karya	Karya Kesehatan	Rumah Sakit Panti Abdi Dharma	https://keuskupanbandung.org/karya/karya-kesehatan/	-6.723957406611766, 108.56895785767115	K-KK-RSPAD	KH		K-KK-RSPAD.jpg	RS Panti Abdi Dharma (RSPAD)	Kota Cirebon	K-KK-RSPAD		
112	Karya	Karya Kesehatan	Klinik Pratama Melania	https://keuskupanbandung.org/karya/karya-kesehatan/	-6.900054896280068, 107.62373082883558	K-KK-KPM	KH		K-KK-KPM.jpg	Klinik Pratama Melania Bandung	Kota Bandung	K-KK-KPM		
113	Karya	Karya Kesehatan	Klinik Pratama Kurnia Asih	https://keuskupanbandung.org/karya/karya-kesehatan/	-6.315770157511863, 107.3090645153423	K-KK-KPKA	KH		K-KK-KPKA.jpg	Ruko Jl. Parahiyangan No.45	Kabupaten Karawang	K-KK-KPKA		
114	Karya	Karya Kesehatan	Klinik Pratama Dewi Sartika	https://keuskupanbandung.org/karya/karya-kesehatan/	-6.896874299236836, 107.53672132883557	K-KK-KPDS	KH		K-KK-KPDS.jpg	Klinik Pratama Dewi Sartika	Kota Cimahi	K-KK-KPDS		
115	Karya	Karya Kesehatan	Klinik Pratama Pandu	https://keuskupanbandung.org/karya/karya-kesehatan/	-6.9056953708280995, 107.59397184496814	K-KK-KPP	KH		K-KK-KPP.jpg	KLINIK PRATAMA PANDU	Kota Bandung	K-KK-KPP		
116	Karya	Karya Kesehatan	Klinik Pratama Santo Laurentius	https://keuskupanbandung.org/karya/karya-kesehatan/	-6.875149430335953, 107.59512312883557	K-KK-KPSL	KH		K-KK-KPSL.jpg	Klinik Pratama Santo Laurentius	Kota Bandung	K-KK-KPSL		
117	Karya	Karya Kesehatan	Klinik Utama Waluya Jati	https://keuskupanbandung.org/karya/karya-kesehatan/	-6.929035457222244, 107.60755024650135	K-KK-KUWJ	KH		K-KK-KUWJ.jpg	Jl. Asmi No.7	Kota Bandung	K-KK-KUWJ		
118	Karya	Karya Kesehatan	Klinik Pratama Karya Asih Waringin	https://keuskupanbandung.org/karya/karya-kesehatan/	-6.916765361111499, 107.59092318650671	K-KK-KPKAW	KH		K-KK-KPKAW.jpg	Klinik Pratama Karya Asih	Kota Bandung	K-KK-KPKAW		
119	Karya	Karya Kesehatan	Klinik Pratama Silih Asih	https://keuskupanbandung.org/karya/karya-kesehatan/	-6.9409268716490615, 107.62532172347834	K-KK-KPSAi	KH		K-KK-KPSAi.jpg	Klinik Pratama Silih Asih	Kota Bandung	K-KK-KPSA	i	
120	Karya	Karya Kesehatan	Klinik Pratama Surya Sumirat	https://keuskupanbandung.org/karya/karya-kesehatan/	-6.893540874531912, 107.6145627730095	K-KK-KPSS	KH		K-KK-KPSS.jpg	Klinik Pratama Surya Sumirat	Kota Bandung	K-KK-KPSS		
121	Karya	Karya Kesehatan	Klinik Pratama UNPAR	https://keuskupanbandung.org/karya/karya-kesehatan/	-6.873957414030999, 107.60607448650714	K-KK-KPU	KH		K-KK-KPU.jpg	Klinik Pratama UNPAR	Kota Bandung	K-KK-KPU		
122	Karya	Karya Kesehatan	Klinik Pratama Sari Asih	https://keuskupanbandung.org/karya/karya-kesehatan/	-6.889279352402027, 107.61998554417787	K-KK-KPSAa	KH		K-KK-KPSAa.jpg	Sari Asih Clinic	Kota Bandung	K-KK-KPSA	a	
123	Karya	Karya Kesehatan	Klinik Pratama Surya Medika	https://keuskupanbandung.org/karya/karya-kesehatan/	-6.653416995851724, 107.45338167736226	K-KK-KPSM	KH		K-KK-KPSM.jpg	Klinik Pratama SURYA MEDIKA	Kabupaten Bandung Barat	K-KK-KPSM		
124	Karya	Karya Kesehatan	Klinik Gigi (UKGS)	https://keuskupanbandung.org/karya/karya-kesehatan/	-6.900054896280068, 107.62378082883558	K-KK-KGU	KH		K-KK-KGU.jpg	Klinik Pratama Melania Bandung	Kota Bandung	K-KK-KGU		Pindah ke melania
125	Karya	Karya Kesehatan	Badan Penyelenggara Jaminan Pemeliharaan Kesehatan Masyarakat (Bapel JPKM) Surya Sumirat	https://keuskupanbandung.org/karya/karya-kesehatan/	-6.893852406512387, 107.61277228800445	K-KK-BPJPKMBJSS	KH		no-image.jpg	JPKM Surya Sumirat - Borromeus Healthcare	Kota Bandung	K-KK-BPJPKMBJSS		
126	Karya	Kategorial Kerohanian	Badan Pelayanan Keuskupan Pembaharuan Karismatik Katolik (BPK-PKK)	https://keuskupanbandung.org/karya/kategorial-kerohanian/	-6.9018226804268705, 107.6132059288349	K-KK-BPKPKKBP	KR	-	no-image.jpg	Jl. Maulana Yusuf No.5	Kota Bandung	K-KK-BPKPKKBP		Use default photo, as there is no public signage.
127	Karya	Kategorial Kerohanian	Bandung Catholic Community (BCC)	https://keuskupanbandung.org/karya/kategorial-kerohanian/	-6.905480254402193, 107.61195180000001	K-KK-BCCB	KR	-	no-image.jpg	Jl. Sultan Agung No.2	Kota Bandung	K-KK-BCCB		
128	Karya	Kategorial Kerohanian	Choice Distrik Bandung	https://keuskupanbandung.org/karya/kategorial-kerohanian/	-6.88050999758971, 107.59259390000001	K-KK-CDB	KR	-	no-image.jpg	Jl. Lembah Sukaresmi II No.28	Kota Bandung	K-KK-CDB		
129	Karya	Kategorial Kerohanian	Christian Live Community (CLC)	https://keuskupanbandung.org/karya/kategorial-kerohanian/	-6.899494702777946, 107.69569865767113	K-KK-CLCC	KR	-	no-image.jpg	Jl. Sekehaji V	Kab. Bandung	K-KK-CLCC		
130	Karya	Kategorial Kerohanian	Christian Sunday Community (CSC) Bandung	https://keuskupanbandung.org/karya/kategorial-kerohanian/	-6.896189852540327, 107.61634287116443	K-KK-CSCCB	KR	-	no-image.jpg	Jl. Dipati Ukur No.34	Kota Bandung	K-KK-CSCCB		
131	Karya	Kategorial Kerohanian	Awam Pasionis Bandung	https://keuskupanbandung.org/karya/kategorial-kerohanian/	-6.908108610334146, 107.63291655767115	K-KK-APB	KR	-	no-image.jpg	6° 54' 29.7853" S 107° 37' 58.4224" E	Kota Bandung	K-KK-APB		
132	Karya	Kategorial Kerohanian	Kerahiman Ilahi Keuskupan Bandung (KI-KB)	https://keuskupanbandung.org/karya/kategorial-kerohanian/	-6.813435546899994, 107.6139596	K-KK-KIKBKK	KR	-	K-KK-KIKBKK.jpg	Jl. Karmel II No.112	Kab. Bandung Barat	K-KK-KIKBKK		
133	Karya	Kategorial Kerohanian	Komunitas Emmanuel	https://keuskupanbandung.org/karya/kategorial-kerohanian/	-6.880355942827304, 107.63284349999999	K-KK-KE	KR	-	no-image.jpg	Jl. Ligar Raya No.12	Kota Bandung	K-KK-KE		
134	Karya	Kategorial Kerohanian	Komunitas Tritunggal Mahakudus (KTM) Provinsi Bandung	https://keuskupanbandung.org/karya/kategorial-kerohanian/	-6.888947795406919, 107.58261402883554	K-KK-KTMKPB	KR	-	no-image.jpg	Jl. Babakan Jeruk 1 No.56	Kota Bandung	K-KK-KTMKPB		
135	Karya	Kategorial Kerohanian	Legio Mariae – Komisium Bunda Rahmat Ilahi	https://keuskupanbandung.org/karya/kategorial-kerohanian/	-6.938702069267502, 107.61575512883559	K-KK-LM–KBRI	KR	-	no-image.jpg	Jl. Srimahi Baru No.2	Kota Bandung	K-KK-LM–KBRI		Rekomendasi: Keuskupan mengontak pengurus yang baru untuk mengupdate alamat.
136	Karya	Kategorial Kerohanian	Keluarga Jomblo Katolik (KJK)	https://keuskupanbandung.org/karya/kategorial-kerohanian/	-6.897166755326885, 107.70671918650672	K-KK-KJKK	KR	-	no-image.jpg	4P34+3M8	Kota Bandung	K-KK-KJKK		
137	Karya	Kategorial Kerohanian	Keluarga Karyawan Muda Katolik (KKMK)	https://keuskupanbandung.org/karya/kategorial-kerohanian/	-6.933036467907565, 107.61379975767115	K-KK-KKMKK	KR	-	K-KK-KKMKK.jpg	Jl. Moch. Ramdan No.18	Kota Bandung	K-KK-KKMKK		
138	Karya	Kategorial Kerohanian	Keluarga Siswa -Siswi Katolik (KSK)	https://keuskupanbandung.org/karya/kategorial-kerohanian/	-6.9329938663632396, 107.61378902883555	K-KK-KSSKK	KR	-	K-KK-KSSKK.jpg	Jl. Moch. Ramdan No.18	Kota Bandung	K-KK-KSSKK		
139	Karya	Kategorial Kerohanian	Kelompok Doa Senakel	https://keuskupanbandung.org/karya/kategorial-kerohanian/	-6.914623399086307, 107.61064092301346	K-KK-KDS	KR	-	K-KK-KDS.jpg	Jl. Merdeka No.14	Kota Bandung	K-KK-KDS		
140	Karya	Kategorial Kerohanian	Meditasi Cinta Kasih Ilahi (MCKI)	https://keuskupanbandung.org/karya/kategorial-kerohanian/	-6.876046289182552, 107.6259192711644	K-KK-MCKIM	KR	-	no-image.jpg	Calistha Dago Residence	Kota Bandung	K-KK-MCKIM		Rekomendasi: Keuskupan mengontak pengurus yang baru untuk mengupdate alamat.
141	Karya	Kategorial Kerohanian	Meditasi Kristiani (MK)	https://keuskupanbandung.org/karya/kategorial-kerohanian/	-6.908320155713202, 107.63046705767114	K-KK-MKM	KR	-	no-image.jpg	Jl. Jamuju No.20	Kota Bandung	K-KK-MKM		
142	Karya	Kategorial Kerohanian	Marriage Encounter (ME) Distrik VI Bandung	https://keuskupanbandung.org/karya/kategorial-kerohanian/	-6.885228896526728, 107.57008572883556	K-KK-MEMDVB	KR	-	no-image.jpg	Citra Asri Permai C5	Kota Cimahi	K-KK-MEMDVB		
143	Karya	Kategorial Kerohanian	Pelayanan Rohani Katolik (PRK)	https://keuskupanbandung.org/karya/kategorial-kerohanian/	-6.90140959705729, 107.65157664232885	K-KK-PRKP	KR	-	no-image.jpg	Print Ruko Surapati Core	Kota Bandung	K-KK-PRKP		Rekomendasi: Keuskupan mengontak pengurus yang baru untuk mengupdate alamat.
144	Karya	Kategorial Kerohanian	Santa Monika	https://keuskupanbandung.org/karya/kategorial-kerohanian/	-6.905683252500885, 107.61786684417787	K-KK-SM	KR	-	no-image.jpg	Ayam Gudeg Bengawan Solo	Kota Bandung	K-KK-SM		Use default photo, as there is no public signage.
145	Karya	Kategorial Sosial	Gerakan Masyarakat Perduli Lingkungan (GEMA PELIKAN)	https://keuskupanbandung.org/karya/kategorial-sosial/	-6.932961915202465, 107.61376757116442	K-KS-GMPLGP	KS	-	K-KS-GMPLGP.jpg	Jl. Moch. Ramdan No.18	Kota Bandung	K-KS-GMPLGP		Tidak terdaftar pada Google Map
146	Karya	Kategorial Sosial	Jaringan Mitra Perempuan (JMP)	https://keuskupanbandung.org/karya/kategorial-sosial/	-6.885911545383177, 107.63583992883554	K-KS-JMPJ	KS	-	no-image.jpg	Gg. Alamanda V No.50 B	Kabupaten Bandung	K-KS-JMPJ		Tidak terdaftar pada Google Map
147	Karya	Kategorial Sosial	Kerabat Kerja Ibu Teresa (KKIT)	https://keuskupanbandung.org/karya/kategorial-sosial/	-6.949926674981717, 107.60281339999999	K-KS-KKITK	KS	-	no-image.jpg	Jl. Mekar Wangi No.38	Kota Bandung	K-KS-KKITK		Tidak terdaftar pada Google Map
148	Karya	Kategorial Sosial	Keluarga Asuh dan Anak Adopsi (KELASI)	https://keuskupanbandung.org/karya/kategorial-sosial/	-6.896953204052649, 107.53690372883555	K-KS-KAdAAK	KS	-	no-image.jpg	Jl. Baros No.109	Kota Cimahi	K-KS-KAdAAK		Use default photo, as there is no public signage.
149	Karya	Kategorial Sosial	Komunitas Dokter Katolik Keuskupan Bandung (KDKKB)	https://keuskupanbandung.org/karya/kategorial-sosial/	-6.894083238281079, 107.61378763253362	K-KS-KDKKBK	KS	-	no-image.jpg	Jl. Ir. H. Juanda No.100	Kota Bandung	K-KS-KDKKBK		Tidak terdaftar pada Google Map
150	Karya	Kategorial Sosial	Komunitas Pemerhati Seminari Keuskupan Bandung (KPSKB)	https://keuskupanbandung.org/karya/kategorial-sosial/	-6.933036467907565, 107.61379975767115	K-KS-KPSKBK	KS	-	K-KS-KPSKBK.jpg	Jl. Moch. Ramdan No.18	Kota Bandung	K-KS-KPSKBK		Tidak terdaftar pada Google Map
151	Karya	Kategorial Sosial	Komunitas Sant'Edigio	https://keuskupanbandung.org/karya/kategorial-sosial/	-6.797517694404551, 107.65332324232884	K-KS-KS	KS	-	K-KS-KS.jpg	Rumah Komunitas Sant'Egidio Bandung	Kabupaten Bandung Barat	K-KS-KS		Pindah alamat ke jl.Cipaganti tepatnya di dalam hotel Frances Cipaganti
152	Karya	Kategorial Sosial	Paguyuban Ragi	https://keuskupanbandung.org/karya/kategorial-sosial/	-6.895372398510803, 107.64260055767113	K-KS-PR	KS	-	no-image.jpg	Gg. Neglasari IV Jl. Cikutra No.7	Kota Bandung	K-KS-PR		Tidak terdaftar pada Google Map
153	Karya	Kategorial Sosial	Paguyuban Wirausahawan Katolik (PAWIKA)	https://keuskupanbandung.org/karya/kategorial-sosial/	-6.907548377013222, 107.61274681349525	K-KS-PWKP	KS	-	no-image.jpg	Jl. Seram No.5	Kota Bandung	K-KS-PWKP		Use default photo, as there is no public signage.
154	Karya	Kategorial Sosial	Karya Kemanusiaan Manah Suci	https://keuskupanbandung.org/karya/kategorial-sosial/	-6.939374419372998, 107.57510758650672	K-KS-KKMS	KS	-	K-KS-KKMS.jpg	Jl. Cikungkurak 1 No.44	Kota Bandung	K-KS-KKMS		Tidak terdaftar pada Google Map
155	Karya	Kategorial Sosial	Persekutuan Putri Santa Angela (PSA)	https://keuskupanbandung.org/karya/kategorial-sosial/	-6.918455560396432, 107.61557859999999	K-KS-PPSAP	KS	-	no-image.jpg	Jl. Buton No.16	Kota Bandung	K-KS-PPSAP		Tidak terdaftar pada Google Map
156	Karya	Kategorial Sosial	Profesional & Usahawan Katolik (PUKAT) Keuskupan Bandung	https://keuskupanbandung.org/karya/kategorial-sosial/	-6.9030551511697755, 107.61312565767115	K-KS-PUKPKB	KS	-	no-image.jpg	Jl. Trunojoyo No.19	Kota Bandung	K-KS-PUKPKB		Use default photo, as there is no public signage.
157	Karya	Forum dan Ormas Katolik	Unio Keuskupan Bandung	https://keuskupanbandung.org/karya/forum-dan-ormas-katolik/	-6.932983215976548, 107.61377829999999	K-FdOK-UKB	FO		K-FdOK-UKB.jpg	Jl. Moch. Ramdan No.18	Kota Bandung	K-FdOK-UKB		
158	Karya	Forum dan Ormas Katolik	Forum Masyarakat Katolik Indonesia (FMKI)	https://keuskupanbandung.org/karya/forum-dan-ormas-katolik/	-6.932983215976548, 107.61377829999999	K-FdOK-FMKIF	FO		K-FdOK-FMKIF.jpg	Jl. Moch. Ramdan No.18	Kota Bandung	K-FdOK-FMKIF		
159	Karya	Forum dan Ormas Katolik	Persatuan Karya Dharma Kesehatan Indonesia (Perdakhi) Jabar	https://keuskupanbandung.org/karya/forum-dan-ormas-katolik/	-6.892928997329996, 107.61456280000002	K-FdOK-PKDKIPJ	FO		no-image.jpg	Jl. Surya Kencana No.2	Kota Bandung	K-FdOK-PKDKIPJ		
160	Karya	Forum dan Ormas Katolik	Ikatan Tenaga Keperawatan Katolik Indonesia (ITKKI) "Serviam in Caritate" Cabang Bandung	https://keuskupanbandung.org/karya/forum-dan-ormas-katolik/	-6.894072587017356, 107.61377690369805	K-FdOK-ITKKIISiCCB	FO		no-image.jpg	Jl. Ir. H. Juanda No.100	Kota Bandung	K-FdOK-ITKKIISiCCB		
161	Karya	Forum dan Ormas Katolik	Majelis Pendidikan Katolik (MPK)	https://keuskupanbandung.org/karya/forum-dan-ormas-katolik/	-6.905829152574795, 107.61258540000001	K-FdOK-MPKM	FO		no-image.jpg	Jl. Sultan Agung No.4	Kota Bandung	K-FdOK-MPKM		
162	Karya	Forum dan Ormas Katolik	Paguyuban Penggerak Swadaya Masyarakat Keuskupan Bandung (PPSM-KB)	https://keuskupanbandung.org/karya/forum-dan-ormas-katolik/	-6.933004516749677, 107.61377829999999	K-FdOK-PPSMKBPK	FO		K-FdOK-PPSMKBPK.jpg	Jl. Moch. Ramdan No.18	Kota Bandung	K-FdOK-PPSMKBPK		
163	Karya	Forum dan Ormas Katolik	Ikatan Sarjana Katolik Indonesia (ISKA) Korda Jawa Barat	https://keuskupanbandung.org/karya/forum-dan-ormas-katolik/	-6.930563115563433, 107.65730502883554	K-FdOK-ISKIIKJB	FO		no-image.jpg	Jl. Kiara Asri 7 No.2	Kota Bandung	K-FdOK-ISKIIKJB		
164	Karya	Forum dan Ormas Katolik	Pemuda Katolik Komisariat Daerah Jawa Barat	https://keuskupanbandung.org/karya/forum-dan-ormas-katolik/	-6.94274151800348, 107.6469550193154	K-FdOK-PKKDJB	FO		no-image.jpg	Jl. Soekarno-Hatta No.623	Kota Bandung	K-FdOK-PKKDJB		Gedung milik KNPI (Komite Nasional Pemuda Indonesia) yang didalamnya berisi pemuda dari agama lain
165	Karya	Forum dan Ormas Katolik	Perhimpunan Mahasiswa Katolik Republik Indonesia (PMKRI) Cabang Bandung, St. Thomas Aquinas	https://keuskupanbandung.org/karya/forum-dan-ormas-katolik/	-6.890069195948488, 107.58438007116442	K-FdOK-PMKRIPCBSTA	FO		K-FdOK-PMKRIPCBSTA.jpg	Jl. Babakan Jeruk III No.40	Kota Bandung	K-FdOK-PMKRIPCBSTA		Gedung yang sekarang berubah menjadi Bumi Silih Asah
166	Karya	Forum dan Ormas Katolik	Wanita Katolik Republik Indonesia (WKRI)	https://keuskupanbandung.org/karya/forum-dan-ormas-katolik/	-6.949804274922962, 107.55854037116443	K-FdOK-WKRIW	FO		no-image.jpg	Jl. Perumahan Taman Rahayu 2 Blok D4 No.4	Kabupaten Bandung	K-FdOK-WKRIW		
167	Karya	Forum dan Ormas Katolik	Vox Point (VPI) DPD Jawa Barat	https://keuskupanbandung.org/karya/forum-dan-ormas-katolik/	-6.900584077699498, 107.61256214233015	K-FdOK-VPVDJB	FO		no-image.jpg	Jl. Ir. H. Juanda No.50	Kota Bandung	K-FdOK-VPVDJB		Use default photo, as there is no public signage.